"COUNTRY","EMAIL","FIRST_NAME","ID","LAST_NAME","PASSWORD","USERNAME"
"Indonesia","obroderick0@slate.com","Ode","1","Broderick","0uC32wVsKA","obroderick0"
"Portugal","bpetersen1@dot.gov","Brig","2","Petersen","GB4znf","bpetersen1"
"Russia","bbalsom2@illinois.edu","Barris","3","Balsom","JrRT3Hl","bbalsom2"
"Colombia","wcastagneto3@flickr.com","Wynn","4","Castagneto","563Gz1wM3L","wcastagneto3"
"Japan","lallett4@arizona.edu","Leora","5","Allett","3L8O4FfN","lallett4"
"Germany","uballoch5@webs.com","Urbano","6","Balloch","80B3zs8Bz9","uballoch5"
"Brazil","nshulem6@businesswire.com","Norene","7","Shulem","sZc31yYi","nshulem6"
"Canada","spurse7@usda.gov","Stan","8","Purse","IbzY24OBj4M","spurse7"
"Indonesia","gackery8@shutterfly.com","Gherardo","9","Ackery","T4FLYDWs","gackery8"
"China","gmacparland9@fda.gov","Giraldo","10","MacParland","FTSUpDySMT","gmacparland9"
"Thailand","kbaymana@tumblr.com","Kain","11","Bayman","3zFxXKJ0HwF","kbaymana"
"China","ewoodroughb@google.es","Emanuele","12","Woodrough","AyzMmePzqC","ewoodroughb"
"Brazil","ltunnoc@storify.com","Lorianne","13","Tunno","WDPkDO","ltunnoc"
"China","kbaribald@wired.com","Kirsteni","14","Baribal","5rZAToXimVvm","kbaribald"
"Poland","ftennisone@rakuten.co.jp","Fields","15","Tennison","NfKBDBkvH","ftennisone"
"Israel","ccanasf@hp.com","Carlina","16","Canas","aSagqdC","ccanasf"
"Kazakhstan","mdezamudiog@hubpages.com","Magda","17","De Zamudio","scsQaSs","mdezamudiog"
"China","trowbottamh@alexa.com","Teriann","18","Rowbottam","SsL695CcE","trowbottamh"
"France","rtrevainsi@altervista.org","Radcliffe","19","Trevains","IdkmogyyAt8e","rtrevainsi"
"Senegal","lgrigoronij@dailymail.co.uk","Laura","20","Grigoroni","KL0eiu","lgrigoronij"
"Indonesia","mreskellyk@zdnet.com","Morgan","21","Reskelly","3LOfSjhy","mreskellyk"
"Argentina","mbreakeyl@addthis.com","Matilde","22","Breakey","sD4rElV6Rp","mbreakeyl"
"China","hpalluschekm@archive.org","Henri","23","Palluschek","6pkHt7z1d","hpalluschekm"
"Brazil","cgovernn@biglobe.ne.jp","Corabel","24","Govern","zApPCq46j","cgovernn"
"Bulgaria","wbythwayo@pinterest.com","Whitney","25","Bythway","rNJpJxnnG","wbythwayo"
"Russia","chueyp@boston.com","Constantin","26","Huey","BJjQpzgtAA","chueyp"
"Mexico","mlarhamq@unblog.fr","Monique","27","Larham","d7N93oJeQOwL","mlarhamq"
"Sweden","eselewayr@nba.com","Ede","28","Seleway","IDVFae","eselewayr"
"Croatia","fbaisons@imdb.com","Fina","29","Baison","phOzJF0pl6","fbaisons"
"Slovenia","mgearyt@reverbnation.com","Millie","30","Geary","3AmQzXz1OZTt","mgearyt"
"Czech Republic","lmillottu@istockphoto.com","Lem","31","Millott","DdrzrCn","lmillottu"
"China","nharrissv@creativecommons.org","Normie","32","Harriss","17g9TD","nharrissv"
"Colombia","htollandw@hhs.gov","Had","33","Tolland","ta1Uqlg8ELad","htollandw"
"Greece","eoscolleex@state.gov","Esra","34","O'Scollee","BJTLdvq","eoscolleex"
"Belarus","osaggersy@unc.edu","Oliviero","35","Saggers","FSK4XB9TfzUt","osaggersy"
"Albania","faglionez@joomla.org","Florance","36","Aglione","LNNIH1DoPb","faglionez"
"Costa Rica","smaccracken10@chron.com","Saunder","37","MacCracken","BG59ZoGE2j","smaccracken10"
"China","dguilleton11@gnu.org","Daisi","38","Guilleton","JwYkUQO37rtu","dguilleton11"
"Croatia","lnelthorpe12@google.ru","Lanette","39","Nelthorpe","vWdGq2","lnelthorpe12"
"Russia","rmccroft13@vinaora.com","Roselia","40","McCroft","DJfpxLDK46","rmccroft13"
"Russia","slemmers14@altervista.org","Sharleen","41","Lemmers","Vymz8cvCt","slemmers14"
"Philippines","rbumfrey15@fda.gov","Rochelle","42","Bumfrey","z9ywdr","rbumfrey15"
"Ivory Coast","cbeet16@google.ru","Charo","43","Beet","R3hTvnibGnKe","cbeet16"
"Malaysia","lkopje17@drupal.org","Lani","44","Kopje","zoosc8PZfDSL","lkopje17"
"Rwanda","ogavrielly18@freewebs.com","Oates","45","Gavrielly","AGEzyw","ogavrielly18"
"Peru","nellett19@wisc.edu","Neilla","46","Ellett","OMYklnN","nellett19"
"South Korea","ililbourne1a@list-manage.com","Ingra","47","Lilbourne","nkjI1M","ililbourne1a"
"Russia","csayward1b@barnesandnoble.com","Clio","48","Sayward","BRXAmh8","csayward1b"
"Portugal","lbutts1c@liveinternet.ru","Lanie","49","Butts","NBsaZ9Ob0","lbutts1c"
"Philippines","dplayer1d@hud.gov","Dulci","50","Player","oTpBifRl","dplayer1d"
"China","tbeniesh1e@imdb.com","Talia","51","Beniesh","KWqnTYVj0Q1","tbeniesh1e"
"China","fmarques1f@simplemachines.org","Fin","52","Marques","uDz5mPjCI","fmarques1f"
"Russia","pschlagtmans1g@google.com.br","Pavia","53","Schlagtmans","jUYXJkgKVgI","pschlagtmans1g"
"China","smcarte1h@posterous.com","Stern","54","McArte","JwXgKL","smcarte1h"
"Poland","borsay1i@xinhuanet.com","Bary","55","Orsay","2AyJhObbt","borsay1i"
"Indonesia","mflegg1j@wp.com","Moe","56","Flegg","AZV4p5pwmqs","mflegg1j"
"Colombia","apourveer1k@skype.com","Aggy","57","Pourveer","lyei6HzK2w3e","apourveer1k"
"China","chudd1l@behance.net","Cynthia","58","Hudd","Op1GpzuhKd","chudd1l"
"Ukraine","lwillavize1m@patch.com","Lindsay","59","Willavize","tycSiRhO8","lwillavize1m"
"China","fluberto1n@pbs.org","Flora","60","Luberto","osxvJNrS","fluberto1n"
"Japan","ahannond1o@spotify.com","Amble","61","Hannond","MHAOkWUT","ahannond1o"
"Canada","ctenant1p@simplemachines.org","Cherice","62","Tenant","0pS5pg","ctenant1p"
"Peru","nridger1q@mail.ru","Ninetta","63","Ridger","eaoqmuRBpZ","nridger1q"
"Pakistan","tdoughtery1r@dell.com","Trudie","64","Doughtery","Jq8OtS","tdoughtery1r"
"Ireland","rpaffot1s@paypal.com","Rowney","65","Paffot","2v0BbhfC8a","rpaffot1s"
"Bosnia and Herzegovina","saxworthy1t@xinhuanet.com","Sybil","66","Axworthy","czpvdIh","saxworthy1t"
"Brazil","otainton1u@google.it","Orin","67","Tainton","V2ICUK","otainton1u"
"Moldova","fashness1v@qq.com","Filide","68","Ashness","v1k82KFcg","fashness1v"
"Russia","vgunstone1w@slideshare.net","Vinita","69","Gunstone","CcOF5be5SoT","vgunstone1w"
"Philippines","rhighnam1x@posterous.com","Roxie","70","Highnam","4mRd1Cz","rhighnam1x"
"Brazil","lcharte1y@goo.gl","Lesli","71","Charte","VSkE1Mee6QP","lcharte1y"
"China","ddarnborough1z@blogs.com","Dee dee","72","Darnborough","HWRsZTqZnEq6","ddarnborough1z"
"Thailand","hblinde20@sphinn.com","Harvey","73","Blinde","ZoVqg8PxLV","hblinde20"
"China","tmayling21@flavors.me","Tadio","74","Mayling","2W8l6dkxkVBi","tmayling21"
"Peru","howenson22@narod.ru","Ham","75","Owenson","4xoVHT","howenson22"
"Mexico","vbrokenshaw23@t.co","Vance","76","Brokenshaw","jBIaeKpn","vbrokenshaw23"
"Portugal","bwardlow24@4shared.com","Broddie","77","Wardlow","Gacvj6fvy","bwardlow24"
"China","jestevez25@omniture.com","Juliana","78","Estevez","1WyxyQpC","jestevez25"
"Thailand","gangeli26@msn.com","Glynn","79","Angeli","Kud07K6","gangeli26"
"Armenia","dlemme27@time.com","Dal","80","Lemme","ZCdRNHVsTfp","dlemme27"
"Malaysia","pwoonton28@fotki.com","Page","81","Woonton","X3LRCDz2GQl","pwoonton28"
"Bahamas","dgrabb29@umich.edu","Dion","82","Grabb","WISApTP8bSEp","dgrabb29"
"Portugal","twipfler2a@twitpic.com","Tammy","83","Wipfler","lwus3lMIijy","twipfler2a"
"Indonesia","wreiner2b@wisc.edu","Wald","84","Reiner","t1D3fvzj19wX","wreiner2b"
"Indonesia","atomala2c@wordpress.com","Abramo","85","Tomala","2EhwCX","atomala2c"
"Philippines","adomico2d@sciencedirect.com","Ashleigh","86","Domico","uMQI5XGk","adomico2d"
"Indonesia","blittrick2e@trellian.com","Briggs","87","Littrick","Mq41OFp79","blittrick2e"
"Indonesia","esussans2f@ft.com","Erie","88","Sussans","zbTMcAY","esussans2f"
"Sweden","mcolgrave2g@buzzfeed.com","Murielle","89","Colgrave","a2Q1H0","mcolgrave2g"
"Mexico","tgiacobbo2h@indiegogo.com","Tabb","90","Giacobbo","RTtCvLxoGVV","tgiacobbo2h"
"China","rmerton2i@tumblr.com","Rivy","91","Merton","PcQVSnC","rmerton2i"
"China","cgamlin2j@feedburner.com","Cathleen","92","Gamlin","r2WyBQ","cgamlin2j"
"Colombia","jthornber2k@oaic.gov.au","Jeddy","93","Thornber","kjwbxn","jthornber2k"
"Tanzania","tfairchild2l@fc2.com","Tome","94","Fairchild","f03bmWr","tfairchild2l"
"Japan","mcamoletto2m@wiley.com","Micah","95","Camoletto","3ZUiuPX52YOl","mcamoletto2m"
"Russia","dkuzemka2n@infoseek.co.jp","Dedie","96","Kuzemka","8fHmU1h","dkuzemka2n"
"Belarus","sshilito2o@bbc.co.uk","Syman","97","Shilito","szxb0zVKBg7","sshilito2o"
"Sweden","dleavesley2p@plala.or.jp","Danette","98","Leavesley","Vuwruv","dleavesley2p"
"France","csilvers2q@loc.gov","Cindelyn","99","Silvers","4CCSDabQq","csilvers2q"
"Indonesia","temmet2r@squarespace.com","Trixi","100","Emmet","xacN4XGs","temmet2r"
"China","hfrondt2s@google.com.hk","Helenelizabeth","101","Frondt","6BhBvRe","hfrondt2s"
"Pakistan","pkosiada2t@cmu.edu","Paxton","102","Kosiada","tLZyhc","pkosiada2t"
"United States","bmcnamee2u@sun.com","Bordie","103","McNamee","N286fG5ixW","bmcnamee2u"
"Mexico","nfirminger2v@state.tx.us","Nanice","104","Firminger","xGMwWG","nfirminger2v"
"Brazil","smoyse2w@answers.com","Sergent","105","Moyse","pw6rvwx","smoyse2w"
"Indonesia","ehassin2x@sakura.ne.jp","Edna","106","Hassin","2CFRX5PtXINj","ehassin2x"
"Ukraine","hcubbino2y@salon.com","Hyacinth","107","Cubbino","9T6eG1C","hcubbino2y"
"Greece","gmcdonand2z@creativecommons.org","Giulietta","108","McDonand","KBZ09oFWfzls","gmcdonand2z"
"China","deastment30@freewebs.com","Dukey","109","Eastment","gh5jKi","deastment30"
"Philippines","mbourrel31@photobucket.com","Marsiella","110","Bourrel","sBOJrYVVbiO","mbourrel31"
"Chile","adaveridge32@mit.edu","Angie","111","Daveridge","uInkd9","adaveridge32"
"Bosnia and Herzegovina","cyanov33@freewebs.com","Carey","112","Yanov","oG9Bts4FKF","cyanov33"
"Burkina Faso","dmannagh34@sakura.ne.jp","Debra","113","Mannagh","pvBdZRoWOU","dmannagh34"
"France","pkeems35@creativecommons.org","Preston","114","Keems","1XDCbocm7n","pkeems35"
"Morocco","hhuglin36@paypal.com","Hesther","115","Huglin","Ag8NeuG","hhuglin36"
"Indonesia","vprydden37@google.com.au","Valentina","116","Prydden","Pi3Qip","vprydden37"
"China","wmcshee38@state.tx.us","Wake","117","McShee","jJHLuIPr","wmcshee38"
"Ukraine","traithbie39@godaddy.com","Tanitansy","118","Raithbie","saiLvOzwN","traithbie39"
"Afghanistan","rdansey3a@state.gov","Ram","119","Dansey","xkaew67L9Qjl","rdansey3a"
"China","gbemlott3b@boston.com","Giavani","120","Bemlott","Othn2eIwKl","gbemlott3b"
"China","lmccorley3c@europa.eu","Lonna","121","Mc Corley","lAKYjzEVoX","lmccorley3c"
"Poland","cchesshire3d@storify.com","Catriona","122","Chesshire","wxwIMRPpKS","cchesshire3d"
"United States","dhalsho3e@phpbb.com","Dorella","123","Halsho","s0S7Z4QpXrv","dhalsho3e"
"Greece","lramelot3f@omniture.com","Lizzie","124","Ramelot","QblUVOzp","lramelot3f"
"Sweden","sboulter3g@jugem.jp","Sam","125","Boulter","wHoBggjZ","sboulter3g"
"Thailand","mvankin3h@nifty.com","Murry","126","Vankin","38za9JSj","mvankin3h"
"Ireland","ofarlam3i@irs.gov","Obed","127","Farlam","2RaU6Mku","ofarlam3i"
"Thailand","ashaw3j@illinois.edu","Augy","128","Shaw","aQcbtbPXgzAj","ashaw3j"
"Philippines","afieldstone3k@blogspot.com","Ardine","129","Fieldstone","q1fYmWg","afieldstone3k"
"Brazil","tglassard3l@wsj.com","Tommy","130","Glassard","w3BeEpO2","tglassard3l"
"Dominican Republic","bkahane3m@mapy.cz","Belvia","131","Kahane","UeFdq9PCFz","bkahane3m"
"Poland","erowcastle3n@jugem.jp","Emmalyn","132","Rowcastle","gxkmbs7kwz","erowcastle3n"
"Ireland","cfurneaux3o@umn.edu","Carolee","133","Furneaux","VQtqAGKLYSNe","cfurneaux3o"
"Mozambique","bpears3p@shutterfly.com","Bliss","134","Pears","kfDIbGPmiR","bpears3p"
"Brazil","gpollicote3q@wikipedia.org","Gideon","135","Pollicote","wEyUbdxqhYG","gpollicote3q"
"Serbia","hoverton3r@storify.com","Haleigh","136","Overton","tmeblz","hoverton3r"
"China","rthews3s@1und1.de","Ruthy","137","Thews","flqBhPxXyGs9","rthews3s"
"China","drhodus3t@yahoo.co.jp","Dalenna","138","Rhodus","yovBzAN4AAqU","drhodus3t"
"Indonesia","jbeeswing3u@google.fr","Jessamyn","139","Beeswing","E69Llw7pK7","jbeeswing3u"
"Chad","lsuttling3v@printfriendly.com","Lian","140","Suttling","di9Yd1QKwDmb","lsuttling3v"
"Argentina","wboulden3w@narod.ru","William","141","Boulden","QwMTvN","wboulden3w"
"China","inutting3x@wikia.com","Ianthe","142","Nutting","kYwyk9ReVK5e","inutting3x"
"China","bandrolli3y@dion.ne.jp","Boycie","143","Androlli","W0nOGW9sEr7","bandrolli3y"
"Venezuela","vwillmetts3z@jugem.jp","Vivian","144","Willmetts","7zx50vQntWS","vwillmetts3z"
"Serbia","sgrindell40@prlog.org","Shelba","145","Grindell","tIcEiy","sgrindell40"
"Trinidad and Tobago","mwalhedd41@constantcontact.com","Marj","146","Walhedd","n4s0WaeH","mwalhedd41"
"East Timor","xshoubridge42@friendfeed.com","Ximenez","147","Shoubridge","4OzwAG","xshoubridge42"
"Ivory Coast","bmeneghelli43@uiuc.edu","Brooke","148","Meneghelli","8iPpRY","bmeneghelli43"
"Egypt","bcromwell44@arstechnica.com","Blinnie","149","Cromwell","3d0jmBB2SPCs","bcromwell44"
"China","ndowling45@marketwatch.com","Natalie","150","Dowling","un5KMwT3","ndowling45"
"China","lbestwick46@dyndns.org","Lyndell","151","Bestwick","19LBL1kbWk47","lbestwick46"
"Russia","syoselevitch47@berkeley.edu","Sonnnie","152","Yoselevitch","cKtOfj0A","syoselevitch47"
"Bangladesh","abrigge48@army.mil","August","153","Brigge","Y7W7r9Eqsh","abrigge48"
"Mexico","aheselwood49@paginegialle.it","Arnold","154","Heselwood","DP3eZ9zEX8JM","aheselwood49"
"Russia","bglew4a@theatlantic.com","Byrom","155","Glew","D4823qXWX5N","bglew4a"
"Jamaica","adarley4b@weather.com","Ardith","156","Darley","nke2OLFBvyv","adarley4b"
"Colombia","ccoleford4c@exblog.jp","Casi","157","Coleford","y3hslBDU0l","ccoleford4c"
"Canada","hwardley4d@plala.or.jp","Humfried","158","Wardley","6eQwxxc9Qev","hwardley4d"
"Brazil","dlorimer4e@xinhuanet.com","Denny","159","Lorimer","XT4VQor06Plp","dlorimer4e"
"Colombia","sshervil4f@yellowpages.com","Sherry","160","Shervil","4uH0ke2Yf","sshervil4f"
"Syria","smartellini4g@altervista.org","Sukey","161","Martellini","c8bkr3g3poK7","smartellini4g"
"Colombia","ksurgener4h@chron.com","Kelvin","162","Surgener","L6HGmQz74RJ","ksurgener4h"
"Indonesia","rbereford4i@pen.io","Ruttger","163","Bereford","j1J4ZFOi","rbereford4i"
"Ukraine","cdomenici4j@seattletimes.com","Cortie","164","Domenici","3T5guP","cdomenici4j"
"Canada","ddowdam4k@prnewswire.com","Daphne","165","Dowdam","INBaRJ","ddowdam4k"
"Russia","kurpeth4l@imgur.com","Katrina","166","Urpeth","p4PVyq9STB","kurpeth4l"
"China","cbayns4m@vistaprint.com","Costanza","167","Bayns","0fDrYU3","cbayns4m"
"Poland","lbearne4n@deliciousdays.com","Lilllie","168","Bearne","T13EPoTkHxyv","lbearne4n"
"Malaysia","gbriscoe4o@webmd.com","Gae","169","Briscoe","XrjPMY0cG","gbriscoe4o"
"Colombia","cjedrys4p@weibo.com","Christy","170","Jedrys","9MxdVZf2D","cjedrys4p"
"Indonesia","nricciardiello4q@virginia.edu","Nanni","171","Ricciardiello","z5ollqf2Thoe","nricciardiello4q"
"Indonesia","mduggleby4r@fda.gov","Marji","172","Duggleby","NJeujI1","mduggleby4r"
"Poland","jcoite4s@techcrunch.com","Judah","173","Coite","t0loXuxhgnyl","jcoite4s"
"China","lbrundell4t@elegantthemes.com","Leodora","174","Brundell","K3kLdgwVrBwz","lbrundell4t"
"China","gdownse4u@weibo.com","Glendon","175","Downse","B7jfjuVWL0a","gdownse4u"
"China","sgovey4v@google.it","Skipper","176","Govey","NkWdj594v","sgovey4v"
"China","mlait4w@qq.com","Maryellen","177","Lait","7I0WJshNyd","mlait4w"
"China","ldavall4x@washington.edu","Leela","178","Davall","xc4yUqGHopJJ","ldavall4x"
"Russia","bthunnerclef4y@w3.org","Bernette","179","Thunnerclef","LCZ7Jmed","bthunnerclef4y"
"Portugal","gkershow4z@netvibes.com","Griff","180","Kershow","58k94oIzdF8M","gkershow4z"
"Russia","ahabbershon50@furl.net","Abraham","181","Habbershon","UcNQbJbHlA4f","ahabbershon50"
"Portugal","bsalters51@flavors.me","Baxie","182","Salters","1cAfqW9L9LpC","bsalters51"
"Portugal","placky52@yelp.com","Prudence","183","Lacky","4X4xdlYa","placky52"
"China","pcolquit53@discuz.net","Paolo","184","Colquit","meFbUr","pcolquit53"
"China","msarchwell54@123-reg.co.uk","Maegan","185","Sarchwell","97VQlbHz","msarchwell54"
"Indonesia","kburnett55@independent.co.uk","Karil","186","Burnett","sFvwyIxIZU","kburnett55"
"Moldova","aofaherty56@list-manage.com","Antone","187","O' Faherty","qS9XR1","aofaherty56"
"Portugal","sbagniuk57@qq.com","Stanislaus","188","Bagniuk","8MCz9GrOyxUG","sbagniuk57"
"Argentina","khelstrom58@discuz.net","Keri","189","Helstrom","fuCbkn","khelstrom58"
"Portugal","clydiard59@businessinsider.com","Catha","190","Lydiard","vSKmHUfO","clydiard59"
"Russia","hkarppi5a@telegraph.co.uk","Hildagard","191","Karppi","5SOC96Q5W","hkarppi5a"
"Philippines","ejoire5b@taobao.com","Estel","192","Joire","zO4yKq0b","ejoire5b"
"Guam","dsanney5c@opera.com","Dari","193","Sanney","3ts2RzKF81J","dsanney5c"
"Macedonia","oduffin5d@bing.com","Orel","194","Duffin","GCJ22O9F","oduffin5d"
"Indonesia","fafonso5e@shop-pro.jp","Feliks","195","Afonso","cVMuSywDPKM","fafonso5e"
"Brazil","ezotto5f@macromedia.com","Euphemia","196","Zotto","gjbxxi7BuN","ezotto5f"
"Indonesia","mhattoe5g@nhs.uk","Muire","197","Hattoe","bAUsUccMx0","mhattoe5g"
"China","cdampney5h@cnbc.com","Clementina","198","Dampney","7KsmeI8O","cdampney5h"
"China","gsorrel5i@icio.us","Gretal","199","Sorrel","soSCEWiVY","gsorrel5i"
"Colombia","ccropp5j@economist.com","Caldwell","200","Cropp","KAo0F6ASV","ccropp5j"
"Poland","matij99@gmail.com","Mateusz","46cf0319-9227-4172-935a-b0aff0a78050","Jendernal","adaaddadadad","bstonn"
